learner,repetition,estimate,standard_error
Logistic,0,0.0411663263710871,0.0572176650958915
Logistic,1,0.04240185357719866,0.0564503113085656
Logistic,2,0.040038980971398096,0.056326634717724165
Logistic,3,0.029828773412040363,0.0570521257818423
Logistic,4,0.04854634805104368,0.05691626334947227
Logistic,5,0.04840249778876024,0.05682146582315353
Logistic,6,0.04471860538114739,0.05646067047690283
Logistic,7,0.04974832668067539,0.057594011798072074
Logistic,8,0.045497701693864794,0.056720710074737744
Logistic,9,0.041745630130312995,0.057267501329238614
Logistic,10,0.05085518475534693,0.05667724205848247
Logistic,11,0.048902646957480214,0.05650939126926318
Logistic,12,0.043648062539268305,0.05600630960479278
Logistic,13,0.04391190322537105,0.057058687530041056
Logistic,14,0.04401187423544284,0.058886737895165395
Logistic,15,0.055352300107679095,0.05764190545683429
Logistic,16,0.0333480001275488,0.056650302338138336
Logistic,17,0.04067221907383886,0.05674317685395851
Logistic,18,0.04204277525792322,0.05639462497553284
Logistic,19,0.03875843407196804,0.0564249109702445
Logistic,20,0.0437273780966506,0.057860533614363927
Logistic,21,0.047907669545325625,0.05584215206761969
Logistic,22,0.046383779857444865,0.056199049696465136
Logistic,23,0.043086434832528775,0.05739169136725234
Logistic,24,0.04686324408767194,0.056881421067984606
Logistic,25,0.03991300810215071,0.056679373758630774
Logistic,26,0.05823351208073569,0.05829667315085853
Logistic,27,0.04573416808370971,0.056366694202887105
Logistic,28,0.025575446854312386,0.058412471697762945
Logistic,29,0.04636121854633919,0.05658101298000756
Boosted trees,0,0.0521412767326787,0.05638382507717529
Boosted trees,1,0.06334948000131572,0.05735827118222735
Boosted trees,2,0.0480314271320733,0.05666940945030044
Boosted trees,3,0.05177686679448303,0.057317355964374914
Boosted trees,4,0.04419162739636009,0.05722457473207212
Boosted trees,5,0.04982612725574781,0.055270208075768754
Boosted trees,6,0.0491972756331226,0.056564728841725836
Boosted trees,7,0.062391635059121923,0.05706831785539542
Boosted trees,8,0.057243163497865096,0.05550898712416967
Boosted trees,9,0.04819163186211643,0.05621198222223026
Boosted trees,10,0.07336552362465738,0.05703375803559197
Boosted trees,11,0.07889049214120258,0.056983146653997445
Boosted trees,12,0.0620116169472739,0.05661347364670857
Boosted trees,13,0.05522219932215636,0.056297732916019604
Boosted trees,14,0.05848985133526506,0.05771572768709584
Boosted trees,15,0.059693311158631884,0.056984789833686114
Boosted trees,16,0.03948077128641784,0.055810158734986154
Boosted trees,17,0.056467292603510175,0.05648615287223663
Boosted trees,18,0.052865707270703374,0.05698982385707602
Boosted trees,19,0.05359820479676087,0.05631252131384932
Boosted trees,20,0.05545826777842362,0.059022513587697834
Boosted trees,21,0.05507354739181604,0.055643539584421885
Boosted trees,22,0.052941130251320107,0.0558615222002529
Boosted trees,23,0.057638659341606016,0.05696552329191159
Boosted trees,24,0.05849799224109511,0.0569986403320193
Boosted trees,25,0.03874803796416745,0.057664026704329935
Boosted trees,26,0.057875042881366676,0.05563458521630118
Boosted trees,27,0.05383347101616602,0.05546213239870151
Boosted trees,28,0.054679468364568995,0.05700150986125685
Boosted trees,29,0.040258465689001204,0.05647850466174564
