scenario,n,learner,repetitions,truth,mean_estimate,bias,bias_mcse,empirical_se,mean_model_se,rmse,coverage_95,coverage_mcse,failure_rate,nonorthogonal_reestimation_rate,mean_treatment_prevalence,mean_extreme_propensity_fraction
Null,359,Logistic,1000,0.0,-0.0008507147592981012,-0.0008507147592981012,0.001606685961942633,0.05080787124357331,0.049838999631402155,0.05078958609916907,0.941,0.007451107300260817,0.0,0.001,0.4303509749303621,0.0
Null,359,Boosted trees,50,0.0,-0.005826798331559836,-0.005826798331559836,0.007303776123879484,0.051645496254635805,0.04891316132743209,0.05145739710203497,0.94,0.03358571124749334,0.0,0.0,0.42880222841225624,0.0
Homogeneous,359,Logistic,1000,0.1,0.1011637654895895,0.0011637654895894911,0.001717550400074276,0.05431371260368145,0.0531980006045047,0.05429902160751397,0.94,0.007509993342207438,0.0,0.002,0.43089693593314765,0.0
Homogeneous,359,Boosted trees,50,0.1,0.10979366860488834,0.00979366860488834,0.007281325452276508,0.05148674603330924,0.0524855611940343,0.05190166915908284,0.94,0.03358571124749334,0.0,0.0,0.4293593314763231,0.0
Heterogeneous,359,Logistic,1000,0.0822010869565217,0.08352637689367033,0.0013252899371486299,0.0017042224888338226,0.05389224704395752,0.052526009184648996,0.05388159528608084,0.942,0.007391616873188169,0.0,0.002,0.43010027855153204,0.0
Heterogeneous,359,Boosted trees,50,0.0822010869565217,0.07458532716308242,-0.007615759793439286,0.00714787620580303,0.05054311736205293,0.051460359213753935,0.050611405588583847,0.96,0.02771281292110205,0.0,0.0,0.42869080779944285,0.0
Limited overlap,359,Logistic,1000,0.1,0.09878417545241422,-0.0012158245475857865,0.003332500762134197,0.10538292712591069,0.09360707575351174,0.10533723936778432,0.917,0.008724161850859943,0.0,0.336,0.3891197771587743,0.2326295264623955
Limited overlap,359,Boosted trees,50,0.1,0.11209671912155306,0.012096719121553051,0.00880210056476093,0.062240249980283935,0.06060267364929949,0.06279094167761634,0.96,0.02771281292110205,0.0,0.02,0.38908077994428963,0.22824512534818933
Unmeasured confounding,359,Logistic,1000,0.1,0.11613329120330852,0.016133291203308517,0.0017315752841215008,0.05475721837877136,0.05250300240349918,0.05705819570111402,0.929,0.008121514637061239,0.0,0.002,0.4455320334261838,0.004047353760445657
Unmeasured confounding,359,Boosted trees,50,0.1,0.11367211536692672,0.01367211536692671,0.007010804648256622,0.049573875083564256,0.05230690390074882,0.050944523234508425,0.98,0.019798989873223337,0.0,0.0,0.44746518105849575,0.004791086350974873
Outcome misclassification,359,Logistic,1000,0.1,0.08059661780110454,-0.019403382198895466,0.00166615025783637,0.05268829738839738,0.05278265976789632,0.056122828383492286,0.939,0.007568289106528638,0.0,0.001,0.4303259052924791,0.0
Outcome misclassification,359,Boosted trees,50,0.1,0.06616745223386813,-0.03383254776613187,0.006520148426263432,0.046104411665536686,0.0515240970112147,0.056813253100595866,0.9,0.04242640687119285,0.0,0.0,0.4324233983286907,0.0
Homogeneous,1000,Logistic,75,0.1,0.09975269229231576,-0.0002473077076842467,0.003823730228340029,0.03311447514960938,0.031569660141886086,0.03289390084312372,0.96,0.02262741699796953,0.0,0.0,0.43338666666666664,0.0
Homogeneous,1000,Boosted trees,10,0.1,0.0980755266850228,-0.001924473314977207,0.007134052718630386,0.022559855538588365,0.03095445404233571,0.0214885078884002,1.0,0.0,0.0,0.0,0.4394,0.0
Heterogeneous,1000,Logistic,75,0.0822010869565217,0.08356566474012846,0.0013645777836067546,0.003628207169867156,0.031421195792977995,0.031217583812661223,0.03124083434098225,0.9733333333333334,0.01860306625462785,0.0,0.0,0.42852,0.0
Heterogeneous,1000,Boosted trees,10,0.0822010869565217,0.0861593203578057,0.003958233401283998,0.011634861158286762,0.036792661520011025,0.030094529687616438,0.035128301399477466,0.9,0.09486832980505137,0.0,0.0,0.4267,0.0
Limited overlap,1000,Logistic,75,0.1,0.09760891439723646,-0.0023910856027635485,0.007517501060644041,0.06510346891494202,0.06402743907027321,0.06471217916993509,0.9066666666666666,0.03359012200478434,0.0,0.44,0.3898,0.23204
Limited overlap,1000,Boosted trees,10,0.1,0.10672249379715555,0.006722493797155546,0.015561716537142448,0.0492104685592784,0.035671401518512044,0.04716667379722838,0.9,0.09486832980505137,0.0,0.1,0.37959999999999994,0.22979999999999995
Homogeneous,5000,Logistic,75,0.1,0.10099052465673859,0.0009905246567385867,0.0016281059359056777,0.01409981100546556,0.013992012800381233,0.01404048006824993,0.9466666666666667,0.025945812478802534,0.0,0.0,0.4281626666666667,0.0
Homogeneous,5000,Boosted trees,10,0.1,0.10097093759588908,0.0009709375958890792,0.003475703752813878,0.010991140330886726,0.013571427792292659,0.010472218915350804,1.0,0.0,0.0,0.0,0.42998000000000003,0.0
Heterogeneous,5000,Logistic,75,0.0822010869565217,0.082244267863002,4.3180906480297376e-05,0.001778066908018715,0.01539851111972656,0.013826242607347758,0.015295570841444126,0.8933333333333333,0.03564433361024608,0.0,0.0,0.4305813333333333,0.0
Heterogeneous,5000,Boosted trees,10,0.0822010869565217,0.08427392091678446,0.0020728339602627543,0.005313596169083571,0.01680306646064926,0.013351043962518742,0.016074992344001754,0.8,0.12649110640673517,0.0,0.1,0.42990000000000006,0.0
Limited overlap,5000,Logistic,75,0.1,0.09962505441923045,-0.00037494558076955897,0.003095397895727217,0.02680693212520665,0.02992658264472974,0.026630259218060618,0.9733333333333334,0.01860306625462785,0.0,0.36,0.38856799999999997,0.23318933333333328
Limited overlap,5000,Boosted trees,10,0.1,0.10817972302948502,0.008179723029485012,0.007630555734611916,0.02412993593423298,0.01552949596396395,0.02430918131509692,0.7,0.14491376746189438,0.0,0.1,0.38828,0.23218
Selective missingness,359,Logistic,1000,0.1,0.10053800953404193,0.0005380095340419278,0.001902207152540629,0.06015307183491735,0.061383273650443056,0.06012539491250158,0.948,0.007021111023192843,0.0,0.005,0.45282572347323813,0.0
Selective missingness,359,Boosted trees,50,0.1,0.10679404634857147,0.006794046348571461,0.008600715568379411,0.06081624301457793,0.05905650071413136,0.06058714526949237,0.96,0.02771281292110205,0.0,0.0,0.4571900218004575,0.0
