scenario,n,replicate,true_ate,estimated_ate,ate_bias,cate_rmse,cate_correlation,true_effect_separation_top_vs_bottom_quintile
Heterogeneous,359,0,0.08220108695652174,0.04772351143131084,-0.034477575525210906,0.13153515123615478,0.02163181197723881,-0.0034722222222222238
Heterogeneous,359,1,0.08220108695652174,-0.019547706367171524,-0.10174879332369327,0.12405017504535343,0.1361776362654508,0.017292617960426165
Heterogeneous,359,2,0.08220108695652174,0.013857512953168998,-0.06834357400335275,0.11250239312471848,0.1275058969822813,0.0017145382235969758
Heterogeneous,359,3,0.08220108695652174,0.009090156443331263,-0.07311093051319048,0.10900415880031407,0.29088033256212387,0.014924924924924907
Heterogeneous,359,4,0.08220108695652174,0.06522454297155257,-0.016976543984969172,0.12641278087374277,-0.3248700388560431,-0.03763855421686747
Heterogeneous,359,5,0.08220108695652174,0.13305502629696622,0.05085393934044448,0.0638331628395029,0.40836219381905964,0.03166666666666665
Heterogeneous,359,6,0.08220108695652174,0.06373334880026517,-0.018467738156256575,0.1035775674545935,0.7446978638793706,0.06166666666666667
Heterogeneous,359,7,0.08220108695652174,0.1569834743435211,0.07478238738699937,0.12511073959673202,0.46549473417852694,0.030320512820512777
Heterogeneous,359,8,0.08220108695652174,0.07207761285511607,-0.010123474101405669,0.07784210739778345,0.16076516018786938,0.008535223367697603
Heterogeneous,359,9,0.08220108695652174,-0.02922885072171498,-0.11142993767823672,0.127197001594177,0.22378121608370843,0.03068493150684934
Heterogeneous,359,10,0.08220108695652174,0.17672725848864648,0.09452617153212474,0.1432641119547934,0.5942434154596014,0.03791666666666667
Heterogeneous,359,11,0.08220108695652174,0.03966395305967334,-0.042537133896848406,0.06706496957089747,0.09831790233298063,-0.00694444444444442
Heterogeneous,359,12,0.08220108695652174,0.11166270194346062,0.029461614986938875,0.09340930620705512,0.062454410446968596,-0.002701088865472448
Heterogeneous,359,13,0.08220108695652174,0.1258468490398533,0.043645762083331555,0.10642817099584718,-0.542247972070961,-0.03814189189189189
Heterogeneous,359,14,0.08220108695652174,0.08129914877154684,-0.0009019381849749014,0.05891728149390683,0.42511580592487896,0.038767123287671235
Heterogeneous,359,15,0.08220108695652174,0.10799180720416376,0.02579072024764202,0.06746647467239253,-0.14743952177528918,-0.015416666666666662
Heterogeneous,359,16,0.08220108695652174,0.12487283288974803,0.042671745933226285,0.12217598740067787,-0.39540587096926777,-0.036812865497076026
Heterogeneous,359,17,0.08220108695652174,0.03189395010833053,-0.050307136848191214,0.11168512693208185,0.08388566631415481,0.012083333333333363
Heterogeneous,359,18,0.08220108695652174,0.05829596999344541,-0.02390511696307633,0.08065653175692483,-0.33165018487109327,-0.04437312312312312
Heterogeneous,359,19,0.08220108695652174,0.10221068795157208,0.020009600995050336,0.09438291254841408,-0.24279345606283467,-0.012222222222222232
Heterogeneous,1000,0,0.08220108695652174,0.1120019847400978,0.029800897783576058,0.07411716746161189,0.16160239223381334,0.0021999999999999936
Heterogeneous,1000,1,0.08220108695652174,0.12662794260678326,0.04442685565026151,0.0653246979991917,0.2762776032902466,0.041350000000000026
Heterogeneous,1000,2,0.08220108695652174,0.06559630841748561,-0.016604778539036136,0.07764349434984025,-0.48666817873907664,-0.03923898678414097
Heterogeneous,1000,3,0.08220108695652174,0.14779152764636286,0.06559044068984111,0.0854085776824847,0.4507191391621485,0.033278902517117404
Heterogeneous,1000,4,0.08220108695652174,0.07244838642083452,-0.00975270053568722,0.0493881189574059,0.351136716866825,0.022899999999999997
Heterogeneous,1000,5,0.08220108695652174,0.104778956629965,0.02257786967344326,0.1111014122572313,0.5177801154752217,0.05592039800995029
Heterogeneous,1000,6,0.08220108695652174,0.09896137460324121,0.01676028764671947,0.07949934817800396,0.388880014885844,0.01730481257080936
Heterogeneous,1000,7,0.08220108695652174,0.05780803739370498,-0.024393049562816765,0.051646696558150414,0.10641828136809695,0.006179032258064557
Heterogeneous,1000,8,0.08220108695652174,0.09353911259457427,0.011338025638052529,0.05790370039976124,0.4643325159576374,0.04165346534653468
Heterogeneous,1000,9,0.08220108695652174,0.06164856178072311,-0.020552525175798635,0.08564866503339591,-0.24031455122326664,-0.026834079601990066
Heterogeneous,1000,10,0.08220108695652174,0.1024696559086938,0.02026856895217205,0.049248254797043464,0.0015403489008932075,0.0004477611940298526
Heterogeneous,1000,11,0.08220108695652174,0.11140039119447095,0.02919930423794921,0.05469704586211499,0.5370859067884796,0.050286069651741344
Heterogeneous,1000,12,0.08220108695652174,0.03242640025153336,-0.049774686704988386,0.07382216088928457,-0.15848338245958113,-0.01298113393428893
Heterogeneous,1000,13,0.08220108695652174,0.10292767710344607,0.020726590146924323,0.06652084274616267,0.5184846517481374,0.03572607260726072
Heterogeneous,1000,14,0.08220108695652174,0.06679296338231411,-0.015408123574207636,0.05218152500451949,0.2536377539595908,0.026225062804787952
Heterogeneous,1000,15,0.08220108695652174,0.0903231097576323,0.00812202280111056,0.07228093604431873,0.4553695519829346,0.039004726368159215
Heterogeneous,1000,16,0.08220108695652174,0.07818315360430288,-0.0040179333522188665,0.07116715138154278,0.4312732365385977,0.035750000000000025
Heterogeneous,1000,17,0.08220108695652174,0.0948663455695916,0.012665258613069857,0.05773124956804894,0.531925048791954,0.04684599156118146
Heterogeneous,1000,18,0.08220108695652174,0.0775659140295653,-0.004635172926956449,0.06173096079362175,0.6997721246794925,0.05321782178217824
Heterogeneous,1000,19,0.08220108695652174,0.07478942477702628,-0.00741166217949546,0.08922011055127284,0.5061466790613994,0.03886567164179107
