generator,repeat,marginal_tv,age_ks,association_mae,holdout_auc,holdout_brier,dcr_ratio,exact_match_rate,synthetic_to_train_distance_p05
Gaussian copula,0,0.030487805,0.177700348,0.113284905,0.577786378,0.25299129,11,0.285714286,0
CTGAN,0,0.094947735,0.445993031,0.133950679,0.684597523,0.234466979,22.45662855,0.153310105,0
TVAE,0,0.295296167,0.167247387,0.171782361,0.551857585,0.350797222,0,0.923344948,0
Gaussian copula,1,0.030487805,0.177700348,0.113284905,0.577786378,0.25299129,11,0.285714286,0
CTGAN,1,0.12804878,0.418118467,0.142142006,0.553018576,0.246104339,28.80247849,0.146341463,0.049100412
TVAE,1,0.283101045,0.163763066,0.171834581,0.549535604,0.330806009,0,0.926829268,0
Gaussian copula,2,0.030487805,0.177700348,0.113284905,0.577786378,0.25299129,11,0.285714286,0
CTGAN,2,0.099303136,0.282229965,0.142236442,0.574690402,0.244208007,25.115185,0.163763066,0
TVAE,2,0.288327526,0.170731707,0.17082594,0.554179567,0.320619212,0,0.919860627,0
